d063457705d66d6f016e4cdd747db3af8d70ebfd36badd63de6c8ca4a9d8bfb5d874e7fbd750aa804dcaddae7eeef51e,1,b'gAAAAABnU6KAb-hAI8YCaH0obQSnRz5diqZdcXAWzQ38NrK7bl-h5JdeiV9qt4lWDo_Gs84U0rlWrWdj17kjqttKWmsavsBYfQ=='
d063457705d66d6f016e4cdd747db3af8d70ebfd36badd63de6c8ca4a9d8bfb5d874e7fbd750aa804dcaddae7eeef51e,1
d063457705d66d6f016e4cdd747db3af8d70ebfd36badd63de6c8ca4a9d8bfb5d874e7fbd750aa804dcaddae7eeef51e,1
d063457705d66d6f016e4cdd747db3af8d70ebfd36badd63de6c8ca4a9d8bfb5d874e7fbd750aa804dcaddae7eeef51e,1
d063457705d66d6f016e4cdd747db3af8d70ebfd36badd63de6c8ca4a9d8bfb5d874e7fbd750aa804dcaddae7eeef51e,1
d063457705d66d6f016e4cdd747db3af8d70ebfd36badd63de6c8ca4a9d8bfb5d874e7fbd750aa804dcaddae7eeef51e,1
d063457705d66d6f016e4cdd747db3af8d70ebfd36badd63de6c8ca4a9d8bfb5d874e7fbd750aa804dcaddae7eeef51e,1
d063457705d66d6f016e4cdd747db3af8d70ebfd36badd63de6c8ca4a9d8bfb5d874e7fbd750aa804dcaddae7eeef51e,1
d063457705d66d6f016e4cdd747db3af8d70ebfd36badd63de6c8ca4a9d8bfb5d874e7fbd750aa804dcaddae7eeef51e,1
d063457705d66d6f016e4cdd747db3af8d70ebfd36badd63de6c8ca4a9d8bfb5d874e7fbd750aa804dcaddae7eeef51e,1
d063457705d66d6f016e4cdd747db3af8d70ebfd36badd63de6c8ca4a9d8bfb5d874e7fbd750aa804dcaddae7eeef51e,1
d063457705d66d6f016e4cdd747db3af8d70ebfd36badd63de6c8ca4a9d8bfb5d874e7fbd750aa804dcaddae7eeef51e,1
d063457705d66d6f016e4cdd747db3af8d70ebfd36badd63de6c8ca4a9d8bfb5d874e7fbd750aa804dcaddae7eeef51e,1
d063457705d66d6f016e4cdd747db3af8d70ebfd36badd63de6c8ca4a9d8bfb5d874e7fbd750aa804dcaddae7eeef51e,1
d063457705d66d6f016e4cdd747db3af8d70ebfd36badd63de6c8ca4a9d8bfb5d874e7fbd750aa804dcaddae7eeef51e,1
d063457705d66d6f016e4cdd747db3af8d70ebfd36badd63de6c8ca4a9d8bfb5d874e7fbd750aa804dcaddae7eeef51e,1
d063457705d66d6f016e4cdd747db3af8d70ebfd36badd63de6c8ca4a9d8bfb5d874e7fbd750aa804dcaddae7eeef51e,1
d063457705d66d6f016e4cdd747db3af8d70ebfd36badd63de6c8ca4a9d8bfb5d874e7fbd750aa804dcaddae7eeef51e,1
d063457705d66d6f016e4cdd747db3af8d70ebfd36badd63de6c8ca4a9d8bfb5d874e7fbd750aa804dcaddae7eeef51e,1
d063457705d66d6f016e4cdd747db3af8d70ebfd36badd63de6c8ca4a9d8bfb5d874e7fbd750aa804dcaddae7eeef51e,1
d063457705d66d6f016e4cdd747db3af8d70ebfd36badd63de6c8ca4a9d8bfb5d874e7fbd750aa804dcaddae7eeef51e,1
